구분,차종,2005년,2006년,2007년,2008년,2009년,2010년,2011년,2012년,2013년,2014년,2015년,2016년,2017년,2018년
경부선,소형차,282080550,296337710,302465397,286335014,288845120,310682229,316973513,347710555,367155220,380972331,401370337,410129945,416623649,422890718
경부선,중형차,21894337,22237600,20936472,17304058,15958063,18084385,17577002,16861674,16639976,15814495,15484407,14430249,13965600,13581069
경부선,대형차,32114390,30971805,32784108,32257943,32992693,42710515,45333316,48997076,52149196,53726080,55940016,55570723,56966740,57515026
남해선,소형차,92263175,93271759,92310721,87591825,87798323,86964105,84048975,96738947,102900094,107968110,124528209,131205513,138094159,146530391
남해선,중형차,6930315,6629755,5959321,5124231,4472055,4531232,4259167,4076366,4007553,3843905,4152264,3960431,3980953,4103679
남해선,대형차,11476431,10389238,9931238,9847443,9852526,12132098,12611976,13262701,14373926,15149935,17064094,17871186,19921053,21329068
광주대구선,소형차,11890580,11458585,12516325,13055214,14007807,15173925,15977230,21654538,22541048,18916382,20560403,23753869,26483821,27140993
광주대구선,중형차,902306,860685,871945,839110,816209,929189,951503,999269,958808,787966,792586,797641,801614,799902
광주대구선,대형차,1252514,1225431,1349125,1376067,1441624,2012010,2298345,3125207,3078745,2583018,2854822,3164241,3506562,3481264
고창담양선,소형차,,75946,1755520,5195559,7007668,8437525,7972348,8825907,9925536,10683242,11797987,15821390,19303361,23278219
고창담양선,중형차,,6353,125704,320073,374708,467623,456116,442473,461104,473259,494579,590994,630560,738349
고창담양선,대형차,,17041,349481,820955,1039512,1639487,1505045,1664025,1880314,1954938,2090626,2888947,3511854,3876427
서해안선,소형차,85142155,84540391,87374326,88605125,94008494,101148072,101885045,110491485,112333886,116512513,122833169,138200920,137331534,138633612
서해안선,중형차,7355917,7020987,6673530,5898737,5485568,6167820,5981505,5621167,4988878,4711709,4652870,4893679,4334430,4204565
서해안선,대형차,8262965,7949468,8838592,9320780,10260527,13955667,15046643,15893398,14675455,14946600,16065154,20667683,20010574,20340647
울산선,소형차,10820612,11452025,12276297,11987801,13290114,14756765,14609327,14023899,14370977,14711881,15592838,17281539,19288686,23156867
울산선,중형차,1047178,1041814,1037897,870820,788365,916132,907670,796385,747710,690586,647825,595624,582652,632215
울산선,대형차,2648306,2393322,2469451,2456969,2556928,3193408,3348608,3748155,3861641,3903828,4081080,4315222,4802653,4790148
평택화성선,소형차,,,,,119452,1393988,1971270,2690110,2193622,2023228,2040319,2124202,2588399,2781113
평택화성선,중형차,,,,,9720,97865,125172,146895,134669,113791,109229,103878,115571,113867
평택화성선,대형차,,,,,37962,332426,411879,526966,493690,473714,515522,547653,658716,674918
새만금포항선(지선 포함),소형차,9819949,10043621,13530151,17930570,19694105,21700623,24717230,28369191,30141738,31950768,34464339,36344988,36684947,36840259
새만금포항선(지선 포함),중형차,542939,539401,683537,951544,918353,1061825,1153961,1132931,1109165,1058137,1050017,1029221,965444,963656
새만금포항선(지선 포함),대형차,896584,718079,858506,1624897,1706178,2408488,3294612,3884088,4041565,4134712,4285922,4705040,4958887,5166141
호남선,소형차,53158470,53212394,57624335,56924895,64810793,74917717,79261979,87059959,92061977,96575185,103156284,109159618,111064060,114681044
호남선,중형차,4993792,4696739,4604409,3838216,3801523,4472717,4334643,4037328,4082595,3483986,3362860,3275364,3083085,3080022
호남선,대형차,8603936,8081926,8784376,8873766,10088179,13737045,14770542,16708790,18034713,17340158,18137246,19197274,19748749,20762702
당진영덕선,소형차,,,651869,7797923,22825103,37444627,40222802,44887185,48583333,52105033,57161589,60517812,72444163,75551992
당진영덕선,중형차,,,73382,677778,1365279,2241708,2217745,2079192,1958069,1852579,1814250,1747239,1911015,1924812
당진영덕선,대형차,,,141519,1614618,3888923,7818633,8655682,9803486,10170509,10545126,11150156,11899512,13877045,14661055
옥산오창선,소형차,,,,,,,,,,,,,,1114903
옥산오창선,중형차,,,,,,,,,,,,,,40841
옥산오창선,대형차,,,,,,,,,,,,,,259221
중부선,소형차,93303137,99977113,102171064,102306356,106289313,108536749,107616703,114342930,123050965,128016043,134968286,128539496,135367741,137304519
중부선,중형차,8084274,8336315,7918196,6760868,6523279,7090578,6890806,6548939,6682435,6457430,6335225,5475508,5426126,5456185
중부선,대형차,9660355,9398797,9828718,10141204,10756403,13389044,14051049,14719809,16871137,17764593,18872365,17265211,18491759,19329498
평택제천선,소형차,11492579,12553695,13919037,15990809,19937287,28180247,30995513,34378290,43226734,50199314,58408963,60268680,66857077,71156306
평택제천선,중형차,1673466,1807587,1871422,1863648,2203421,3143259,3212581,3022954,3397390,3538384,3600832,3214431,3578658,3537767
평택제천선,대형차,1900242,1908487,2303820,2775071,3484987,5955563,6784251,7578206,10103823,12050409,13756443,13122644,16207880,17560314
중부내륙선,소형차,36304192,33509028,44045470,50131927,52151723,56678345,60112648,58896606,71464900,76209026,84989452,89955336,83895612,71184107
중부내륙선,중형차,4315934,3826855,4514199,4276516,3869530,4711033,4756459,3869651,4269225,4073355,4010918,3753616,3266467,2547460
중부내륙선,대형차,7263817,5565941,7774652,9137714,9505549,14437929,15836110,15390016,18453418,19471985,20795566,22063502,20746578,16763380
영동선,소형차,152216854,151116060,154842545,148872073,148095492,153153140,153200894,169900575,174784241,182084716,188531408,187762413,186602619,179864480
영동선,중형차,12440654,12099182,11665810,9554390,8633752,9668403,9317005,9045432,8525746,8208246,8098155,7284349,6982711,6656769
영동선,대형차,15748904,14574784,15727661,15625646,15951442,21240945,21812183,22508240,22444646,22939163,24041675,23504472,23434721,22922412
제2영동선,소형차,,,,,,,,,,,,1295241,11833488,12414897
제2영동선,중형차,,,,,,,,,,,,25580,224166,215802
제2영동선,대형차,,,,,,,,,,,,124456,1082878,1089327
중앙선,소형차,59971056,77416944,98794915,94853877,100135040,108524231,109659694,120367026,125306530,126742665,128471878,135341366,142373790,147654592
중앙선,중형차,5214466,6066081,7660936,6445585,6041964,6744441,6608716,6261462,5991071,5452097,4902824,4728069,4743612,4629250
중앙선,대형차,7301002,9141668,12581706,11991539,12312077,15009583,15766418,17529115,18145256,18286903,17772575,19012181,19646138,19413442
서울양양선,소형차,,,,,3476010,11441416,12570996,12749660,13602727,14182554,10087236,10946890,12900316,14823294
서울양양선,중형차,,,,,68265,238357,273443,243816,272341,261625,147203,151028,176976,217283
서울양양선,대형차,,,,,238244,737986,811481,704360,825391,907355,593623,687028,758362,919069
동해선,소형차,11877330,11304848,11781373,11281331,14110016,15982525,16285008,16341373,16592750,17491781,18865401,24178906,35795855,51494929
동해선,중형차,561287,533725,505474,406015,520843,650471,654046,604937,580640,572768,571333,701748,880584,1152029
동해선,대형차,1285882,1173540,1273817,1224284,1766261,2332634,2489913,2673826,2693724,2816248,3124943,4558291,6093118,8795279
서울외곽선,소형차,233762499,244846994,259252773,258020228,267518590,271663374,274175393,277612224,280386559,288029927,296513671,301795035,297531519,296984255
서울외곽선,중형차,14768226,14638883,14397085,13338433,12880776,12372952,11703422,11179065,10495610,10084477,10065547,9846487,9179132,8687736
서울외곽선,대형차,11671969,13096942,15251445,16000261,16566647,17382089,17970385,18078599,18872415,19753629,20997089,22526839,22139475,21500591
남해 제1지선,소형차,,,,2211385,18592583,18603331,16773147,20339279,21256291,20469405,21987511,23336675,24480331,25680693
남해 제1지선,중형차,,,,95833,820938,838135,707252,714058,678244,590235,579917,570776,573637,570090
남해 제1지선,대형차,,,,201344,1692280,1918339,1761938,1838706,1857776,1723755,1821534,1938450,2053707,2157284
남해 제2지선,소형차,32770818,31771784,32821920,30174057,30152264,29879382,29115109,34015055,34165585,34128559,37792667,39723369,41256871,40904571
남해 제2지선,중형차,2538590,2240317,2174352,1822388,1529310,1573881,1498700,1419550,1287419,1194370,1183414,1134029,1103896,1035259
남해 제2지선,대형차,4147074,3308180,3535294,3760001,3561150,4816886,5038209,5707110,5884961,6140517,6281094,6505736,6014474,5746257
부산신항 제2배후선,소형차,,,,,,,,,,,,,491429,1948726
부산신항 제2배후선,중형차,,,,,,,,,,,,,36512,118432
부산신항 제2배후선,대형차,,,,,,,,,,,,,1646190,2535751
제2경인선,소형차,21651483,22357942,23619282,23430504,25043645,23903576,22544674,21976919,21311630,21432274,22481521,24113510,26422173,27802269
제2경인선,중형차,1029798,1019045,996732,832941,776862,699365,642289,584063,532134,512027,504065,522563,574610,600972
제2경인선,대형차,1509223,1590149,1882925,1865256,2018559,1931412,1702711,1599680,1546211,1591412,1654237,1704477,1758908,1854591
경인선,소형차,40768942,42063354,43326117,43617188,45000530,46407947,47573740,46529829,45546467,45665976,48382242,50307165,50606550,50261116
경인선,중형차,1988996,2026028,1985245,1803221,1728599,1677389,1637659,1604862,1468561,1366809,1412252,1410176,1354522,1262689
경인선,대형차,2472734,2509686,2869271,3088441,3084084,3338925,3289275,3055753,2933241,2950362,3344300,3656426,3588929,3551520
서천공주선,소형차,,,,,3131511,6105616,6245680,6788550,7250585,7878126,8553181,9370212,12487393,12442131
서천공주선,중형차,,,,,142251,278678,274679,255792,230207,221484,218120,220331,278985,262231
서천공주선,대형차,,,,,517094,1219820,1223582,1273683,1280107,1318711,1398219,1496479,1844244,1861483
평택시흥선,소형차,,,,,,,,,9495043,12492169,13025631,13130821,13696101,14050827
평택시흥선,중형차,,,,,,,,,718553,913229,875535,827895,819748,777664
평택시흥선,대형차,,,,,,,,,3248976,4423400,4639857,4890674,5267425,5401203
오산화성선,소형차,,,,,18598,144262,163050,234594,270165,321236,313316,468122,584938,708154
오산화성선,중형차,,,,,1361,13834,16395,18992,18433,19916,24261,32443,34305,36635
오산화성선,대형차,,,,,1752,14368,15621,26481,30867,32401,45371,81674,93459,98076
호남선의 지선,소형차,34986522,31800980,36741220,34953457,41706244,47700420,50292327,57795431,62074965,66005931,71366528,71005186,75944562,77336514
호남선의 지선,중형차,2581317,2224887,2479035,1953739,2014350,2397645,2321513,2248155,2158812,2075787,2051608,1936760,1960665,1915200
호남선의 지선,대형차,4430681,3406564,4510935,4417439,5137814,7161872,7927637,9539514,9918531,10276853,10913557,10734728,11755658,12287805
대전남부순환선,소형차,14062615,13651123,13437556,12057957,12505453,13138494,13458238,14747712,16127500,17034635,18565181,19774646,20787997,21414353
대전남부순환선,중형차,916873,882733,816488,635606,584469,640466,625783,584120,598457,587322,600798,593755,586302,580931
대전남부순환선,대형차,1120390,997440,1000946,889700,879145,1193771,1242279,1227184,1302963,1371171,1452300,1538187,1624047,1640076
상주영천선,소형차,,,,,,,,,,,,,4746883,10535691
상주영천선,중형차,,,,,,,,,,,,,120904,254727
상주영천선,대형차,,,,,,,,,,,,,1682674,3608295
수도권제2순환선,소형차,,,,,594077,7108210,9037451,11681519,11679130,12114745,13099499,16387443,16498928,17314271
수도권제2순환선,중형차,,,,,43538,453872,536975,608256,590994,560166,562223,613106,578678,585015
수도권제2순환선,대형차,,,,,109296,1038301,1231604,1516455,1512011,1498676,1675122,1998557,1939300,1974719
중부내륙선의 지선,소형차,17783031,17109611,16703947,15208452,15542123,19413025,22973310,26907159,28977458,29849714,30383868,32711624,37197077,38907986
중부내륙선의 지선,중형차,2137738,1908032,1653768,1200376,1111345,1454019,1682690,1621431,1606089,1504961,1431425,1371023,1370718,1350964
중부내륙선의 지선,대형차,2963657,2333601,2302767,1690159,1676901,2456048,3006750,3338034,3564181,3678760,3881762,4104449,4451007,4437434
중앙선의 지선,소형차,25877602,34169565,40468397,36124095,37787506,39822316,39609241,46007093,47507544,48034766,57082408,63336221,66398995,68723156
중앙선의 지선,중형차,3241136,3821651,4110118,3332615,3095784,3418880,3300694,3165397,3003359,2727347,2868997,2834185,2767447,2732305
중앙선의 지선,대형차,4873689,5754103,6669887,6270842,6152851,7517915,7866064,8471386,8660288,8724467,9765657,10287033,10703400,10249653
무안광주선,소형차,,,88985,4448583,6902098,8299843,9108683,10256653,10197698,9908470,12351932,13763872,16780350,20322184
무안광주선,중형차,,,4970,177912,233967,271687,288752,296791,275697,239526,311257,344237,373150,453199
무안광주선,대형차,,,13146,345650,497952,631643,751594,805261,781361,714196,957266,1158684,1405803,1763382
순천완주선,소형차,,,,,,18950,6828247,9637854,10429061,11094062,12344626,13513402,14268680,15178102
순천완주선,중형차,,,,,,1423,299394,330137,311404,303976,298282,298061,300134,343376
순천완주선,대형차,,,,,,7058,1733235,2150257,2090939,2130405,2263635,2568480,2738406,3005378
부산외곽순환선,소형차,,,,,,,,,,,,,80656,41645395
부산외곽순환선,중형차,,,,,,,,,,,,,769,1197640
부산외곽순환선,대형차,,,,,,,,,,,,,5672,6926808
마산외곽선,소형차,17480384,16688970,17724751,15375736,,,,,,,,,,
마산외곽선,중형차,2134509,1847673,1804003,1400018,,,,,,,,,,
마산외곽선,대형차,3919314,2850411,3172587,2923790,,,,,,,,,,
,,1602302642,1646399373,1751974296,1726748391,1817687069,2008306147,2060782139,2221725214,2341475284,2421424197,2567519786,2671236042,2788596093,2908267860
