노선명,휴게소명,소재지,부지면적(제곱미터),대형,소형,장애인,운영형태,1일 이용객수,1일 차량 통행량
경부선,건천(부산),경북 경주 건천 경부고속도로 77건천(부산)휴게소,13041,73,43,4,임대,4165,3357
경부선,건천(서울),경북 경주 건천 경부고속도로 76건천(서울)휴게소,23174,23,69,4,임대,4819,2757
경부선,경산(서울),경북 경산 진량읍 대학로 1089경산(서울)휴게소,33100,62,183,8,임대,6299,2528
경부선,경주(부산),경북 경주시 내남면 경부고속도로 59-1 경주(부산)휴게소,72848,142,146,6,임대,5258,2516
경부선,금강(부산),충북 옥천 동이 금강로596 금강휴게소,8793,40,264,10,민자,4171,3091
경부선,기흥(부산),경기 용인시 기흥구 공세로 173 기흥(부산)휴게소,72615,68,357,21,임대,11207,10304
경부선,김천(부산),경북 김천시 농소면 경부고속도로 193 김천(부산)휴게소,45224,65,121,7,임대,3900,2483
경부선,김천(서울),경북 김천시 농소면 경부고속도로 194 김천(서울)휴게소,30577,51,105,6,임대,4978,2580
경부선,망향(부산),충남 천안시 서북구 성거읍 요방리 돌다리길 23-37 망향(부산)휴게소,33558,68,246,15,임대,14077,7861
경부선,서울만남(부산),서울특별시 서초구 양재대로12길 73-71 서울만남의광장(부산)휴게소,13845,2,256,4,임대,11838,8576
경부선,신탄진(서울),대전 대덕구 산업단지로 27신탄진(서울)휴게소,63846,197,133,12,임대,12926,5326
경부선,안성(부산),경기 안성시 원곡면 경부고속도로 365 안성(부산)휴게소,28974,41,338,12,임대,19540,10682
경부선,안성(서울),경기 안성시 원곡면 경부고속도로 372 안성(서울)휴게소,85692,123,208,17,임대,18381,10365
경부선,양산(서울),경남 양산시 동면 목장길 15-50 양산(서울)휴게소,35779,35,136,6,임대,4723,2616
경부선,언양(서울),울산시 울주군 언양읍 경부고속도로44 언양(서울)휴게소,50123,75,152,9,임대,6074,3933
경부선,옥산(부산),충북 청주시 흥덕구 옥산면 경부고속도로309옥산(부산)휴게소,31782,108,121,11,임대,7753,5863
경부선,옥천(부산),충북 옥천군 옥천읍 서대구일로 265-19 옥천(부산)휴게소,42360,70,71,4,임대,6096,2023
경부선,옥천(서울),충북 옥천군 옥천읍 옥천동이로 242-34 옥천(서울)휴게소,45053,44,99,4,임대,3277,1760
경부선,옥천만남,충북 옥천 옥천 중앙로 135,36248,120,87,5,민자,660,803
경부선,입장거봉포도(서울),충남 천안 서북 입장 연곡길407입장(서울)휴게소,83344,198,142,10,임대,30425,6446
경부선,죽암(부산),충북 청주시 서원구 현도면 경부고속도로 289 죽암(부산)휴게소,26607,28,199,8,임대,15986,7261
경부선,죽암(서울),충북 청주시 서원구 현도면 경부고속도로 290 죽암(서울)휴게소,15809,21,173,14,임대,7292,4902
경부선,죽전(서울),경기 용인시 수지구 경부고속도로 400 죽전(서울)휴게소,28982,145,68,8,임대,18253,10511
경부선,천안삼거리(서울),충남 천안시 동남구 쉼1길42 천안삼거리(서울)휴게소,19003,23,236,12,임대,19488,6883
경부선,천안호두(부산),충남 천안시 동남구 수신면 성남로 793-40 천안(부산)휴게소,9661,57,150,8,임대,10964,5862
경부선,청주(서울),충북 청주시 흥덕구 옥산면 경부고속도로318 청주(서울)휴게소,23402,153,118,11,임대,4511,4226
경부선,추풍령(부산),경북 김천시 봉산면 경부고속도로 213 추풍령(부산)휴게소,14456,88,120,5,임대,4571,2556
경부선,추풍령(서울),경북 김천시 봉산면 경부고속도로 214-1 추풍령(서울)휴게소,28455,60,95,5,임대,4515,2198
경부선,칠곡(부산),경북 칠곡 왜관 경부고속도로 159칠곡(부산)휴게소,23096,128,189,11,임대,9822,6186
경부선,칠곡(서울),경북 칠곡군 왜관읍 경부고속도로 158칠곡(서울)휴게소,41787,65,158,8,임대,16447,6584
경부선,통도사(부산),경남 양산시 하북면 경부고속도로 31-1 통도사(부산)휴게소,20861,30,215,6,임대,6357,3651
경부선,평사(부산),경북 경산 진량 경부고속도로 105평사(부산)휴게소,43867,66,170,7,임대,7748,2918
경부선,황간(부산),충북 영동군 황간면 회포길 102 황간(부산)휴게소,43386,54,61,3,임대,2661,1550
경부선,황간(서울),충북 영동군 황간면 회포1길 65 황간(서울)휴게소,32652,35,77,4,임대,3623,1457
남해선,문산(순천),경남 진주시 문산읍 남해고속도로 195문산(순천)휴게소,46794,46,179,7,임대,9970,3219
남해선,보성녹차(순천),전남 보성군 겸백면 남해고속도로70 보성녹차(광양)휴게소,27412,30,80,3,임대,4036,2187
남해선,보성녹차(영암),전남 보성군 미력면 남해고속도로63 보성녹차(목포)휴게소,41433,14,57,3,임대,5086,2380
남해선,사천(부산),경남 사천시 곤양면 서삼로 619 사천(부산)휴게소,21205,45,129,4,임대,4834,2599
남해선,사천(순천),경남 사천시 곤양면 묵실길 31-11 사천(순천)휴게소,30117,45,143,4,임대,4927,2756
남해선,섬진강(부산),전남 광양시 진월면 섬진강 매화로 141 섬진강(부산)휴게소,18130,27,168,6,임대,6749,3062
남해선,섬진강(순천),전남 광양시 진월면 신답길 24-14 섬진강(순천)휴게소,15454,35,149,6,임대,6320,3080
남해선,장흥정남진,전남 장흥군 부산면 남해고속도로 41,26955,32,78,6,임대,,1016
남해선,진영(부산),경남 김해시 진영읍 하계로 96번길 94-4 진영(부산)휴게소,78720,53,520,29,민자,,5724
남해선,진영(순천),경남 김해시 진영읍 하계로 96번길 68 진영(순천)휴게소,47678,68,345,20,임대,10831,5792
남해선,진주(부산),경남 진주시 남해고속도로 194 진주(부산)휴게소,93523,38,154,7,임대,2941,2040
남해선,함안(부산),경남 함안군 군북면 현포로 205 함안(부산)휴게소,63813,68,206,7,임대,4251,4435
남해선,함안(순천),경남 함안군 군북면 현포로 205-1 함안(순천)휴게소,61050,58,207,7,임대,10351,4545
광주대구선,강천산(광주),전북 순창군 순창읍 광주대구간고속도로 27 강천산(광주)휴게소,17767,25,68,2,임대,2869,1716
광주대구선,강천산(대구),전북 순창군 순창읍 광주대구간고속도로 28 강천산(대구)휴게소,17796,19,44,2,임대,2625,1823
광주대구선,거창(광주),경남 거창 가조 가조가야로 1543-81거창(광주)휴게소,56462,26,78,4,임대,5875,1555
광주대구선,거창(대구),경남 거창 가조 가조가야로 1523거창(대구)휴게소,56462,22,69,3,임대,2118,1609
광주대구선,논공(광주),대구광역시 달성군 광주대구고속도로 169,29234,35,86,4,임대,4986,2897
광주대구선,논공(대구),대구광역시 달성군 광주대구고속도로 170,37766,15,93,4,임대,3032,2347
광주대구선,지리산(광주),전북 남원시 아영면 광주대구고속도로 75 지리산(광주)휴게소,42007,46,95,4,임대,2611,1534
광주대구선,지리산(대구),전북 남원시 아영면 광주대구고속도로 76 지리산(대구)휴게소,42826,31,73,3,임대,2485,1629
무안광주선,함평나비(광주),전남 함평군 엄다면 무안-광주고속도로 12 함평나비(광주)휴게소,50184,44,96,8,임대,3168,2239
무안광주선,함평나비(무안),전남 함평군 엄다면 무안-광주고속도로 11 함평나비(무안)휴게소,47179,44,96,8,임대,4462,2572
함양울산선,울주(울산),울산광역시 울주군 삼동면 함양울산고속도로 134,32604,43,110,6,임대,,1440
함양울산선,울주(함양),울산광역시 울주군 삼동면 함양울산고속도로 133,32777,50,153,5,임대,,1249
서해안선,고창고인돌(목포),전북 고창군 신림면 서해안고속도로 81 고창(목포)휴게소,52451,84,202,8,민자,7663,2301
서해안선,고창고인돌(서울),전북 고창군 고창읍 서해안고속도로 80 고창(서울)휴게소,114191,74,178,7,민자,4786,2350
서해안선,군산(목포),전북 군산시 성산면 서해안고속도로 141군산(목포)휴게소,46516,38,108,5,임대,6942,2507
서해안선,군산(서울),전북 군산시 나포면 서해안고속도로 148군산(서울)휴게소,61066,33,171,8,임대,6223,3263
서해안선,대천(목포),충남 보령시 주교면 서해안고속도로 199대천(목포)휴게소,36654,32,140,8,민자,4620,1779
서해안선,대천(서울),충남 보령시 주교면 서해안고속도로 200 대천(서울)휴게소,52250,46,156,9,민자,3243,1747
서해안선,매송(목포),경기 화성시 매송면 서해안고속도로 315 매송(목포)휴게소,78280,147,231,16,민자,,5175
서해안선,매송(서울),경기 화성시 매송면 서해안고속도로 316 매송(시흥)휴게소,82849,130,250,16,민자,,6368
서해안선,목감(서울),경기 시흥시 목감1길 47 목감(광명)휴게소,19800,,,,임대,6909,공사중
서해안선,부안고려청자(목포),전북 부안군 주산면 서해안고속도로 103 부안고려청자(목포)휴게소,9993,31,120,4,임대,,2105
서해안선,부안고려청자(서울),전북 부안군 주산면 서해안고속도로 106 부안고려청자(서울)휴게소,9938,31,123,4,임대,,1690
서해안선,서산(목포),충남 서산시 해미면 서해안고속도로 241서산(목포)휴게소,54968,49,196,8,민자,8264,3365
서해안선,서산(서울),충남 서산시 해미면 서해안고속도로 242서산(서울)휴게소,49421,65,125,7,민자,5072,2136
서해안선,서천(목포),충남 서천군 비인면 서해안고속도로 169 서천(목포)휴게소,57948,36,111,5,임대,3973,1970
서해안선,서천(서울),충남 서천군 비인면 서해안고속도로 168 서천(서울)휴게소,54919,40,154,6,임대,2927,1680
서해안선,함평천지(목포),전남 함평군 함평읍 서해안고속도로 31 함평천지(목포)휴게소,64029,40,53,8,임대,2876,1496
서해안선,함평천지(서울),전남 함평군 손불면 죽암리 서해안고속도로 38 함평(천지),46847,55,63,8,임대,2212,1592
서해안선,행담도,충남 당진 신평 서해안고속도로275행담도휴게소,202133,67,540,20,민자,16911,6357
서해안선,홍성(목포),충남 홍성군 은하면 금국리 290 홍성(무안)휴게소,54324,36,119,8,임대,3062,1657
서해안선,홍성(서울),충남 홍성군 은하면 금국리 292-4 홍성(서울)휴게소,49784,32,107,8,임대,3261,1401
서해안선,화성(목포),경기 화성시 팔탄면 서해안고속도로 301 화성(목포)휴게소,83799,65,306,10,임대,18970,6843
서해안선,화성(서울),경기 화성시 팔탄면 서해안고속도로 302 화성(시흥)휴게소,55517,61,366,17,임대,13292,8240
대구포항선,영천(대구),경북 영천 임고 운주로 791영천(대구)휴게소,80288,98,201,14,임대,4988,2963
대구포항선,영천(포항),경북 영천 임고 운주로 777영천(포항)휴게소,74442,95,171,8,임대,3462,2365
대구포항선,와촌(포항),경북 경산시 와촌면 강학길 103와촌(포항)휴게소,41484,52,82,7,임대,4890,2798
익산장수선,진안마이산(익산),전북 진안군 진안읍 익산장수고속도로 41 진안(익산)휴게소,53532,24,55,5,임대,2176,1320
익산장수선,진안마이산(장수),전북 진안군 진안읍 익산장수고속도로 42 진안(장수)휴게소,50251,24,55,5,임대,2619,1178
대구포항선,청통(대구),경북 영천 청통 청통로 334-42청통(대구)휴게소,47354,68,83,7,임대,3299,1927
호남선,곡성(순천),전남 곡성군 겸면 호남고속도로 49 곡성(순천)휴게소,12827,19,44,4,임대,3461,2287
호남선,곡성(천안),전남 곡성군 겸면 호남고속도로 50 곡성(천안)휴게소,24680,22,96,5,임대,5854,2519
호남선,백양사(순천),전남 장성 북이면 호남고속도로107 백양사(순천)휴게소,31030,25,45,3,임대,4237,2662
호남선,백양사(천안),전남 장성 북일면 호남고속도로108 백양사(천안)휴게소,29300,25,45,4,임대,3608,2382
호남선,순천(순천),전남 순천시 서면 호남고속도로 3 순천(순천)휴게소,17422,12,30,2,임대,1103,787
호남선,여산(순천),전북 익산시 여산면 호남고속도로 191 여산(순천)휴게소,16615,62,152,8,임대,9522,5635
호남선,여산(천안),전북 익산시 여산면 호남고속도로 192 여산(천안)휴게소,13782,9,183,5,임대,7482,5709
호남선,이서(순천),전북 완주군 이서면 호남고속도로 161 이서(순천)휴게소,30453,41,112,10,임대,4520,3025
호남선,이서(천안),전북 완주군 이서면 호남고속도로 162 이서(천안)휴게소,27508,45,99,12,임대,4724,2970
호남선,정읍녹두장군(순천),전북 정읍시 북면 정신로 135-61 정읍(순천)휴게소,40011,25,113,8,임대,5167,2330
호남선,정읍녹두장군(천안),전북 정읍시 북면 하북1길 227-23 정읍(논산)휴게소,29156,35,130,7,임대,4037,2717
호남선,주암(순천),전남 순천 주암 호남고속도로 23 주암(순천)휴게소,28053,26,69,4,임대,3366,1982
호남선,주암(천안),전남 순천 주암 호남고속도로 24 주암(천안)휴게소,24642,20,100,4,임대,3372,2147
순천완주선,오수(순천),전북 임실 오수면 순천완주고속도로 73 오수(광양)휴게소,44883,94,116,6,임대,5637,2561
순천완주선,오수(완주),전북 임실 오수면 순천완주고속도로 74 오수(전주)휴게소,57978,57,120,6,임대,4350,2299
순천완주선,춘향(순천),전북 남원시 수지면 순천완주고속도로 49 춘향(광양)휴게소,41427,18,130,6,임대,,2022신설
순천완주선,춘향(완주),전북 남원시 수지면 순천완주고속도로 50 춘향(완주)휴게소,42569,63,111,6,임대,,2022신설
순천완주선,황전(순천),전남 순천시 황전면 순천완주고속도로 25 황전(광양)휴게소,26097,54,98,2,임대,3841,1837
순천완주선,황전(완주),전남 순천시 황전면 순천완주고속도로 28 황전(전주)휴게소,34013,24,93,4,임대,3454,1805
당진대전선,공주(당진),충남 공주시 의당면 당진영덕고속도로 71 공주(당진)휴게소,52144,44,136,4,임대,6908,3163
당진대전선,공주(대전),충남 공주시 의당면 당진영덕고속도로 72 공주(대전)휴게소,49748,45,145,6,임대,5290,2930
청주영덕선,문의청남대(영덕),충북 청주시 상당구 문의면 당진영덕고속도로 124,17400,39,104,7,임대,,3210
청주영덕선,문의청남대(청주),충북 청주시 상당구 문의면 당진영덕고속도로 123,15920,39,102,7,임대,,3351
청주영덕선,속리산(청주),충북 보은군 마로면 적암길 56-18 속리산(청주)휴게소,42633,51,128,10,임대,6662,3697
당진대전선,예산(당진),충남 예산 신양 당진영덕고속도로33 예산(당진)휴게소,66423,47,132,8,임대,4574,2670
당진대전선,예산(대전),충남 예산 대흥면 당진영덕고속도로34 예산(대전)휴게소,62406,44,143,8,임대,5210,2751
청주영덕선,의성(영덕),경북 의성군 안계면 새못안길 45-47,19101,20,50,2,임대,2122,951
청주영덕선,의성(청주),경북 의성군 안계면 새못안길 45-49,16237,19,46,2,임대,1321,913
청주영덕선,청송(영덕),경북 청송군 파천면 중평병부길 203-115,6394,11,67,2,임대,4050,1313
청주영덕선,청송(청주),경북 청송군 파천면 중평병부길 203-92,5945,11,62,2,임대,1448,1207
청주영덕선,화서(영덕),경북 상주 화서 터골길 51-25화서(영덕)휴게소,48863,54,162,9,임대,8569,4723
대전통영선,고성공룡나라(대전),경남 고성군 대가면 통영대전고속도로 32 고성(대전)휴게소,50422,55,89,4,임대,3026,1534
대전통영선,고성공룡나라(통영),경남 고성군 대가면 통영대전고속도로 29 고성(통영)휴게소,42488,51,106,4,임대,4295,1627
대전통영선,금산인삼랜드(대전),충남 금산군 군북면 대암길 34-30 인삼랜드(하남)휴게소,40492,44,139,4,임대,7374,2402
대전통영선,금산인삼랜드(통영),충남 금산군 군북면 외부리 721-25 인삼랜드(통영)휴게소,43936,34,197,6,임대,9660,3251
대전통영선,덕유산(대전),전북 무주군 안성면 통영대전고속도로 148 덕유산(대전)휴게소,43941,45,139,6,민자,3801,2025
대전통영선,덕유산(통영),전북 장수군 계북면 통영대전고속도로 147덕유산(통영)휴게소,47737,51,149,6,민자,3921,1906
중부선,마장,경기 이천시 마장면 중부고속도로 82 마장(통영+하남)휴게소,103000,35,640,18,민자,10596,5611
대전통영선,산청(대전),경남 산청군 단성면 통영대전고속도로 76 산청(대전)휴게소,30853,34,132,4,임대,6012,2788
대전통영선,산청(통영),경남 산청군 단성면 통영대전고속도로 77 산청(통영)휴게소,26830,45,82,3,임대,5603,2831
중부선,오창(남이),충북 청주시 청원구 오창읍 중부고속도로 21 오창(남이)휴게소,14123,26,104,4,임대,7973,3994
중부선,오창(하남),충북 청주시 청원구 오창읍 중부고속도로 20 오창(하남)휴게소,16297,43,115,6,임대,7751,3457
중부선,음성(남이),충북 음성군 삼성면 중부고속도로 51 음성(남이)휴게소,66714,105,216,12,임대,7567,4960
중부선,음성(하남),충북 음성군 삼성면 중부고속도로 52 음성(하남)휴게소,33606,160,80,8,임대,7642,2717
중부선,이천(남이),경기 이천시 마장면 중부대로 609번길 244-35 이천(통영)휴게소,17409,12,110,4,임대,2999,2043
중부선,이천(하남),경기 이천시 신둔면 서이천로853번길 346-129 이천(하남)휴게소,69794,78,149,11,임대,10785,5528
중부선,하남드림,경기 하남시 중부고속도로 117-1 하남드림휴게소,29882,24,680,21,임대,13632,10044
대전통영선,함양(대전),경남 함양군 지곡면 효산길 23-11 함양(하남)휴게소,20787,29,58,4,임대,4964,1812
대전통영선,함양(통영),경남 함양군 지곡면 효산길 23-31 함양(통영)휴게소,29993,27,86,4,임대,5957,2359
평택제천선,금왕(제천),충북 음성군 금왕읍 평택제천고속도로 70 금왕(제천)휴게소,42829,37,52,4,임대,5425,3666
평택제천선,금왕(평택),충북 음성군 금왕읍 평택제천고속도로 69 금왕(평택)휴게소,42627,41,55,4,임대,5275,3258
평택제천선,안성맞춤(제천),경기 안성시 서운면 평택제천고속도로 40 안성맞춤(제천)휴게소,66590,67,101,5,임대,7261,4156
평택제천선,안성맞춤(평택),경기 안성시 서운면 평택제천고속도로 41 안성맞춤(평택)휴게소,59766,59,108,5,임대,6546,3625
평택제천선,천등산(제천),충북 충주시 산척면 평택제천고속도로 106 천등산(제천)휴게소,28016,44,77,3,임대,5199,2267
평택제천선,천등산(평택),충북 충주시 산척면 평택제천고속도로 109 천등산(평택)휴게소,16876,26,85,3,임대,3860,1985
평택제천선,평택,경기도 평택시 청북읍 평택제천고속도로6 평택복합휴게소,100182,181,534,20,민자,,8024
중부내륙선,괴산(양평),충북 괴산군 장연면 중부내륙고속도로 204 괴산(양평)휴게소,38776,33,150,6,임대,7299,3429
중부내륙선,괴산(창원),충북 괴산군 장연면 중부내륙고속도로 205 괴산(창원)휴게소,37162,27,232,5,임대,4710,3345
중부내륙선,남성주참외(양평),경북 성주군 용암면 중부내륙고속도로 76 남성주(양평)휴게소,39978,38,98,3,임대,7150,2569
중부내륙선,남성주참외(창원),경북 성주군 선남면 중부내륙고속도로 77 남성주(창원)휴게소,38477,49,95,3,임대,5208,2216
중부내륙선,문경(양평),경북 문경 중부내륙고속도로 174 문경(양평)휴게소,58347,102,193,6,임대,6268,5791
중부내륙선,문경(창원),경북 문경 중부내륙고속도로 173 문경(창원)휴게소,74440,131,131,8,임대,7762,5735
중부내륙선,서여주(양평),경기 여주시 능서면 중부내륙고속도로 272 서여주(양평)휴게소,58111,18,50,2,임대,2561,1283
중부내륙선,서여주(창원),경기 여주시 능서면 중부내륙고속도로 271 서여주(마산)휴게소,51095,18,45,2,임대,1901,1191
중부내륙선,선산(양평),경북 구미 옥성 중부내륙고속도로 128 선산(양평)휴게소,28943,53,149,6,민자,18577,3983
중부내륙선,선산(창원),경북 구미 옥성 중부내륙고속도로 129 선산(창원)휴게소,32460,196,63,6,민자,17814,4132
중부내륙선,성주(양평),경북 성주군 초전면 중부내륙고속도로 98,38631,74,108,6,임대,,2240
중부내륙선,성주(창원),경북 성주군 초전면 중부내륙고속도로 97,38848,82,100,6,임대,,2033
중부내륙선,영산(창원),경남 창녕군 영산면 장척호수길 56-110 영산(창원)휴게소,20609,31,99,6,임대,7314,3805
중부내륙선,충주(양평),충북 충주시 중앙탑면 중부내륙고속도로 230-1 충주(양평)휴게소,63390,66,163,8,임대,8571,4639
중부내륙선,충주(창원),충북 충주시 중앙탑면 중부내륙고속도로 231 충주(창원)휴게소,70169,52,200,9,임대,7206,5539
중부내륙선,칠서(양평),경남 함안군 칠서면 계룡로 122-1 칠서(양평)휴게소,22467,24,99,5,임대,6138,3476
영동선,강릉(강릉),강원 강릉시 성산면 영동고속도로 232강릉(강릉)휴게소,85218,46,194,4,임대,4257,1818
영동선,강릉(인천),강원 강릉시 성산면 영동고속도로 231강릉(서창)휴게소,71026,43,225,6,임대,3097,1636
영동선,덕평,경기 이천시 마장면 덕이로 154번길 287-76,182761,88,726,30,민자,7879,7616
영동선,문막(강릉),강원 원주 문막읍 원문로 1234문막(강릉)휴게소,39273,26,220,5,임대,5845,2814
영동선,문막(인천),강원 원주 문막읍 개나루길 13 문막(인천)휴게소,19988,32,167,14,임대,4171,2763
영동선,안산,경기 안산시 단원구 영동고속도로 15 안산휴게소,38138,20,408,12,민자,,8701
영동선,여주(강릉),경기 여주시 가남읍 여주남로 722 여주(강릉)휴게소,33530,81,297,28,임대,18032,7280
영동선,여주(인천),경기 여주시 가남읍 화평길 116 여주(서창)휴게소,47973,12,230,5,임대,11043,6431
영동선,용인(강릉),경기 용인시 처인구 주북로94번길 30-1 용인(강릉) 휴게소,33223,31,249,7,임대,15870,6881
영동선,용인(인천),경기 용인시 처인구 주북로 66-14 용인(서창)휴게소,32862,29,134,7,임대,10372,6619
영동선,평창(강릉),강원 평창군 용평면 경강로 2159-58평창(강릉)휴게소,24871,13,177,5,임대,5071,2251
영동선,평창(인천),강원 평창군 용평면 탑거리길 63평창(서창)-(인천)휴게소,21218,13,203,14,민자,4116,2099
영동선,횡성(강릉),강원 횡성군 안흥면 영동고속도로 154-1횡성(강릉)휴게소,47509,33,251,7,임대,13411,3026
영동선,횡성(인천),강원 횡성군 안흥면 영동고속도로 153횡성(인천)휴게소,37474,25,212,9,임대,7818,2907
중앙선,군위(부산),경북 군위 군위 경북대로 4084 군위(부산)휴게소,36839,63,88,6,임대,5158,3027
중앙선,군위(춘천),경북 군위 군위 경북대로 4082 군위(춘천)휴게소,39273,64,88,6,임대,5655,3000
중앙선,단양팔경(부산),충북 단양군 적성면 기동2길 32-37 단양(부산)휴게소,31481,27,109,5,임대,2889,1191
중앙선,단양팔경(춘천),충북 단양군 단성면 하방3길 100 단양(춘천)휴게소,79980,30,108,4,임대,3552,1375
중앙선,동명(부산),경북 칠곡 동명 중앙고속도로 123동명(부산)휴게소,28095,48,110,7,임대,4606,2979
중앙선,동명(춘천),경북 칠곡 동명 중앙고속도로 122동명(춘천)휴게소,28096,39,91,8,임대,5264,2790
중앙선,안동(부산),경북 안동 풍산읍 풍산태사로 1903-27안동(부산)휴게소,36321,71,104,7,임대,4773,2466
중앙선,안동(춘천),경북 안동 풍산읍 풍산태사로 1913-40안동(춘천)휴게소,44222,79,71,5,임대,5155,2622
중앙선,원주(부산),강원 원주시 호저면 마근거리길 120원주(부산)휴게소,48897,30,127,6,임대,2574,1924
중앙선,원주(춘천),강원 원주시 호저면 마근거리길 110원주(춘천)휴게소,42927,16,119,6,임대,2601,1339
중앙선,춘천(부산),강원 춘천시 동내면 영서로 1432춘천(부산)휴게소,47538,9,90,6,임대,3330,2507
중앙선,치악(부산),강원 원주시 신림면 치악로 416 치악(부산)휴게소,45696,35,114,7,임대,6724,2977
중앙선,치악(춘천),강원 원주시 신림면 다리실2길 32 치악(춘천)휴게소,61992,40,103,  ,임대,4988,2810
중앙선,홍천강(춘천),강원 홍천군 북방면 도사곡길 223홍천강(춘천)휴게소,23928,26,96,5,임대,3594,1938
서울양양선,내린천,강원 인제군 상남면 서울양양고속도로 117,90891,52,489,14,임대,12401,4876
서울양양선,홍천(서울),강원 홍천군 화촌면 서울양양고속도로 83,42203,35,213,7,임대,7293,2809
서울양양선,홍천(양양),강원 홍천군 화촌면 서울양양고속도로 84,42378,28,178,7,임대,8445,3737
동해선,구정(삼척),강원 강릉시 구정면 제비리 동해고속도로 345 구정(동해)휴게소,41920,56,177,8,임대,1558,936
동해선,구정(속초),강원 강릉시 구정면 동해고속도로 346 구정(속초)휴게소,52345,60,160,6,임대,1257,878
동해선,동해(삼척),강원 동해시 망상동 동해대로 6437 동해(동해)휴게소,39724,87,13,4,임대,2959,1797
동해선,옥계(속초),강원 강릉시 옥계면 동해고속도로 320옥계(속초)휴게소,63441,61,204,6,임대,3515,2115
동해선,외동(부산),경북 경주시 외동읍 상석길 58-74 외동(부산)휴게소,27498,27,43,3,임대,2696,1833
동해선,외동(포항),경북 경주시 외동읍 상석길 58-70 외동(포항)휴게소,29069,21,49,2,임대,3020,1730
수도권제1순환선,구리(일산),경기 구리시 서울외곽순환고속도로 32 구리(일산)휴게소,19500,21,122,6,임대,7411,7203
수도권제1순환선,시흥하늘,경기 시흥시 서울외곽순환고속도로 105 시흥하늘휴게소,56688,20,523,17,민자,,10899
남해2지선,서부산(순천),부산 강서구 남해제2지선고속도로 17,12190,17,109,4,민자,,1460
남해2지선,장유(서부산),경남 김해시 장유로116번길 44-82 장유(부산)휴게소,41925,43,60,4,임대,4994,2446
서천공주선,부여백제(공주),충남 부여군 내산면 서천공주고속도로 26 부여(공주)휴게소,71166,30,57,3,임대,2201,1503
서천공주선,부여백제(서천),충남 부여군 내산면 서천공주고속도로 25 부여(서천)휴게소,70062,36,60,3,임대,3967,1745
호남지선,벌곡(논산),충남 논산시 벌곡면 호남지선고속도로 25 벌곡(논산)휴게소,27160,36,93,4,임대,4809,3565
호남지선,벌곡(대전),충남 논산시 벌곡면 벌곡로 9-58벌곡(대전)휴게소,24628,50,94,5,임대,5261,2931
중부내륙지선,현풍(대구),대구광역시 달성군 현풍면 비슬로 741 현풍(대구)휴게소,13689,52,75,4,임대,3102,2229
중부내륙지선,현풍(창원),대구광역시 달성군 현풍면 성하길 48 현풍(창원)휴게소,47569,13,74,4,임대,5222,5771
부산외곽선,김해금관가야,경남 김해시 대동면 동남로 400 김해금관가야휴게소,52100,46,296,14,임대,,4707
